id,version,firstname,lastname,birthday,gender,phonenumber,email,zip,country,street,streetnumber,city,socialsecuritynumber,employer,username,password,doctor
00addfe4-0b49-48bb-8f5b-49795ccda275,20,Bobby,Hart,2000-04-15,MALE,8-(215)508-1084,bhart3c@foxnews.com,NULL,Philippines,"Doe Crossing",5,Talisayan,6857,NULL,Hart.Bobby,J5mxOrU6rB1,1fbdc964-3e49-426c-924c-b101a12a10b6
0114c5cf-0ccd-4e4b-bace-9948f7ccf0ad,20,Elizabeth,Owens,1961-11-29,MALE,0-(768)259-8436,eowens2v@jalbum.net,NULL,Finland,Boyd,35888,Porvoo,2714,Jaxspan,Owens.Elizabeth,XT1n5UYSu7,297d1b2f-a57d-4989-b711-0de302fce9b9
014eca77-753a-41e9-b322-a7ed1a4b9ca0,18,Kenneth,Owens,1975-05-06,FEMALE,1-(018)290-3327,kowens5g@t-online.de,2000-715,Portugal,Heath,3993,"Vale de Figueira",6596,Thoughtstorm,Owens.Kenneth,RkdWDBZhmmWN,0138736b-db68-4828-809a-93a11939bb67
021ae7f5-bca3-4167-8726-8ac735f4d786,18,Louise,Oliver,1956-11-22,FEMALE,3-(931)887-1558,NULL,"745 84",Sweden,Jenifer,20,Enköping,6771,Yodel,Oliver.Louise,lt2Y1O,1fbdc964-3e49-426c-924c-b101a12a10b6
027ab13a-4a94-4199-88fc-ad956d38e61c,8,Walter,Torres,1990-05-27,FEMALE,4-(852)719-9659,wtorres3i@cnet.com,NULL,Madagascar,Rusk,72,Sakaraha,1518,Quatz,Torres.Walter,co6E2y,d2a6c3bb-fefb-454d-a90d-f644c4eccc1b
03243a9d-c977-4ac8-9fe2-465a250e2cb4,2,Raymond,Cooper,1973-11-20,MALE,2-(395)907-9530,NULL,NULL,NULL,Donald,19,Sunja,2405,Roodel,Cooper.Raymond,xgsAbIJiCCG,d2a6c3bb-fefb-454d-a90d-f644c4eccc1b
03a4efb2-1d09-4140-aa27-3191c4c417c6,10,Dorothy,Sims,2002-07-15,MALE,3-(445)687-7407,NULL,NULL,Indonesia,Granby,516,Tanarara,9706,Chatterbridge,Sims.Dorothy,9g0SXzboOpV,d2a6c3bb-fefb-454d-a90d-f644c4eccc1b
056e7f6c-2c20-42b6-8678-9d1aa01af67a,11,Gregory,Diaz,1956-02-23,NULL,9-(210)304-4328,gdiaz1q@ustream.tv,NULL,Indonesia,Ludington,7666,Lokokrangan,4497,Meetz,Diaz.Gregory,ZYP1a5EoHEOc,297d1b2f-a57d-4989-b711-0de302fce9b9
0636540d-5078-43db-a338-541ca9cc9b60,0,Jennifer,Day,1989-01-25,MALE,7-(573)267-3806,jdayb@miitbeian.gov.cn,NULL,Serbia,Forest,301,Begejci,5187,Roombo,Day.Jennifer,JtnMtctOB6O,0138736b-db68-4828-809a-93a11939bb67
0821f8aa-307a-4c6a-8d84-5df5d6226fdd,7,Steven,Sims,1984-08-23,FEMALE,0-(727)274-9351,ssimst@buzzfeed.com,NULL,Thailand,Oakridge,184,NULL,3194,Oyondu,Sims.Steven,aduz9Akr,0138736b-db68-4828-809a-93a11939bb67
0c4a8751-da59-4fad-bba6-a48638104a2b,7,Billy,Cruz,1957-08-31,MALE,3-(139)964-9830,bcruz3l@wikia.com,NULL,China,Center,5,Beigang,7462,Wikido,Cruz.Billy,QgT6NltytQu,0138736b-db68-4828-809a-93a11939bb67
0cc99c3e-d3d5-4d72-8a33-cd5854b7b5c2,19,Phyllis,Watkins,1979-05-23,MALE,7-(155)018-7376,pwatkins4h@fema.gov,NULL,Honduras,NULL,1827,"La Libertad",1043,Thoughtsphere,Watkins.Phyllis,hRXRYWF,1fbdc964-3e49-426c-924c-b101a12a10b6
0da071d8-b931-4f27-be17-d225adffa69d,0,Jesse,Long,1995-07-19,MALE,0-(228)518-5536,NULL,NULL,Indonesia,Redwing,31963,NULL,9193,Agivu,Long.Jesse,VX2kDuj,1fbdc964-3e49-426c-924c-b101a12a10b6
0e284704-0b83-496d-80a5-4d75ae986915,13,Barbara,Woods,1996-11-22,MALE,2-(262)433-5056,bwoods1e@apache.org,"461 91",Sweden,Sunbrook,40,Trollhättan,8662,Meevee,Woods.Barbara,2fSpe68IWx,1fbdc964-3e49-426c-924c-b101a12a10b6
0f2222ad-2ecb-484a-a09e-ec338db330e4,13,Bobby,Larson,1977-07-01,MALE,2-(635)700-6726,blarson3s@scientificamerican.com,30505,Mexico,6th,5,"Vicente Guerrero",5123,Kare,Larson.Bobby,lGJYh1,22b0c43e-36ee-45f5-9df7-be248b5b3946
1017009f-0a71-422f-b54b-964b14667fc6,1,Kimberly,Miller,1953-02-15,MALE,1-(852)083-7716,NULL,NULL,Indonesia,Rieder,3,Geumpang,6361,Youbridge,Miller.Kimberly,LmxM14uezbv,d2a6c3bb-fefb-454d-a90d-f644c4eccc1b
17b310c3-c363-40b1-a9ae-6a9cc7a47b57,3,Tina,Rodriguez,1979-07-24,FEMALE,4-(098)590-2779,NULL,NULL,Brazil,Emmet,89,"Nova Era",5108,Skynoodle,Rodriguez.Tina,d1JqSY8xZQ2,22b0c43e-36ee-45f5-9df7-be248b5b3946
183b1b92-0300-404c-8666-3c2dc23b6964,7,Roger,Reid,1996-04-24,FEMALE,6-(840)178-4450,NULL,NULL,Indonesia,Mallory,3,NULL,7163,Kazio,Reid.Roger,FDaBKQ,0138736b-db68-4828-809a-93a11939bb67
1a5102bf-05ad-4dde-85f2-16a6906762f1,14,Timothy,Brooks,2007-01-04,FEMALE,0-(250)939-0272,NULL,NULL,Syria,Northfield,1,Şalākhid,8946,Eire,Brooks.Timothy,CVG9DoMFxzv,297d1b2f-a57d-4989-b711-0de302fce9b9
1ac6302d-41ae-4c2b-a22a-b8e99fcc0970,17,Albert,Miller,1952-06-26,MALE,8-(547)698-8212,NULL,NULL,Philippines,Boyd,62078,Dadus,8328,Dynazzy,Miller.Albert,xQ8cJOo,297d1b2f-a57d-4989-b711-0de302fce9b9
1b8f497c-7f82-4a5c-afba-9a1b5c4cda8e,11,Jean,Sims,1997-06-04,MALE,9-(770)099-4139,jsims31@mail.ru,NULL,Slovenia,Fulton,NULL,Morje,5256,Katz,Sims.Jean,x0gckbMffSn2,297d1b2f-a57d-4989-b711-0de302fce9b9
1d673006-c06c-449a-82f0-8cb3f24cf30d,18,Susan,Ellis,1962-11-26,FEMALE,4-(024)213-9805,NULL,NULL,"Czech Republic",NULL,0000,NULL,2657,Thoughtblab,Ellis.Susan,p05xDLLoNK,0138736b-db68-4828-809a-93a11939bb67
1df1384b-825e-4186-89dc-c407e8e3d5d4,3,Ralph,Morris,1990-02-15,MALE,3-(070)318-4962,rmorris1x@163.com,NULL,Indonesia,"John Wall",0065,Kademangan,9558,Topicstorm,Morris.Ralph,lPNznqw,1fbdc964-3e49-426c-924c-b101a12a10b6
1ee7cd31-923c-47be-906b-010ece37aea7,2,William,Nichols,1961-04-17,MALE,9-(947)905-3757,NULL,NULL,Poland,Crownhardt,897,Kamionka,4513,Meetz,Nichols.William,2ThdegFr,0138736b-db68-4828-809a-93a11939bb67
1f3b2eef-5e29-4b17-b90a-c34151ecc7b2,7,Janet,Stephens,1951-04-30,FEMALE,9-(304)273-6446,NULL,NULL,Japan,"Ridge Oak",39,Shōbara,3703,Kaymbo,Stephens.Janet,R2cSk56P,1fbdc964-3e49-426c-924c-b101a12a10b6
221bff5b-5ac2-4081-9335-7648a458226a,11,Thomas,Day,2007-12-04,NULL,2-(217)467-0857,tday3x@opera.com,NULL,Indonesia,Carpenter,41225,Bukabu,9818,Plajo,Day.Thomas,5fjefxcmcc,d2a6c3bb-fefb-454d-a90d-f644c4eccc1b
22cc6a71-a1da-42f8-bc05-fa25c241e623,6,Timothy,Knight,1984-05-22,MALE,4-(169)657-6211,tknightf@creativecommons.org,737513,Romania,Arrowood,2,"Satu Nou",8129,Youspan,Knight.Timothy,6LQWv0,1fbdc964-3e49-426c-924c-b101a12a10b6
26fe2e9e-1552-41f3-a47d-fea137255f64,3,Frank,Graham,NULL,FEMALE,1-(106)505-2872,fgraham5d@github.com,78786,Mexico,"American Ash",3628,Guadalupe,1260,Gigazoom,Graham.Frank,fuYRRACM7Eix,d2a6c3bb-fefb-454d-a90d-f644c4eccc1b
28b2c69c-ea14-44f7-9149-e143f94c64a9,13,Philip,Richardson,1999-04-02,MALE,7-(129)326-4701,prichardson1k@unicef.org,NULL,France,Almo,86924,Reims,296,Tagtune,Richardson.Philip,8YMmnk6f,297d1b2f-a57d-4989-b711-0de302fce9b9
28f083cf-056e-46da-828b-c24287a6384c,17,Bonnie,Dean,1976-07-20,MALE,2-(518)547-2776,bdeanh@canalblog.com,33416,"United States",Shelley,3708,"West Palm Beach",7004,Blogpad,Dean.Bonnie,RwdFEDFN,22b0c43e-36ee-45f5-9df7-be248b5b3946
2a0699dd-49e0-4b20-8908-08172e0d66d5,4,Ralph,Simmons,1962-01-14,MALE,5-(010)843-5690,NULL,NULL,Indonesia,NULL,23931,NULL,3206,Twitternation,Simmons.Ralph,Alz9xrvT,1fbdc964-3e49-426c-924c-b101a12a10b6
2a1712e1-4e5c-4a6f-9ca4-a21b1c326ec8,14,Alice,Thompson,1988-05-30,FEMALE,4-(502)392-0906,NULL,NULL,Kosovo,Kim,97397,Mališevo,4032,Layo,Thompson.Alice,gVVEL0,0138736b-db68-4828-809a-93a11939bb67
2d5c9e02-5baf-412f-8942-dd6699e3cc7d,5,Terry,Morris,2007-12-21,FEMALE,4-(792)095-6062,tmorris3@blogs.com,NULL,Canada,Bartillon,80257,Wolfville,8057,Jabberbean,Morris.Terry,ZDeoVpW4A1U,297d1b2f-a57d-4989-b711-0de302fce9b9
308b88c4-b226-4da3-871e-686d31489d67,9,Shawn,Lee,2009-08-03,MALE,7-(024)698-6239,sleel@vinaora.com,NULL,China,Ohio,9,Baizhu,3648,Skinix,Lee.Shawn,U9DyYMv,297d1b2f-a57d-4989-b711-0de302fce9b9
313acf99-83e6-46b3-a1ac-caa32cfd0e39,10,Phyllis,Crawford,1996-02-19,MALE,7-(921)773-2936,NULL,NULL,NULL,Steensland,83469,Cullhuas,8068,Browsezoom,Crawford.Phyllis,hNQGkbstA6,0138736b-db68-4828-809a-93a11939bb67
3275941f-0512-456c-92d4-b16ca593bc32,4,Jerry,Romero,1961-11-21,MALE,7-(674)282-8571,NULL,NULL,"Sierra Leone",West,NULL,NULL,6150,Vinder,Romero.Jerry,x2hXKh8R,1fbdc964-3e49-426c-924c-b101a12a10b6
35ef40b9-f914-47b8-a357-d1f9c01fef9c,15,Virginia,Brooks,1955-08-31,MALE,1-(528)729-8210,vbrooks3h@businessweek.com,NULL,China,Sullivan,6786,Huangrangping,7402,Pixonyx,Brooks.Virginia,Qoml4W2OeAFw,0138736b-db68-4828-809a-93a11939bb67
368c3b27-8421-4250-98b1-d9ce2ad4b6bf,7,Jimmy,Sullivan,1986-01-17,MALE,1-(864)227-6340,NULL,NULL,China,Redwing,27,Xinsheng,7005,Gigashots,Sullivan.Jimmy,gi2OhsF,d2a6c3bb-fefb-454d-a90d-f644c4eccc1b
3744f710-32a5-42a8-9ea7-904c8842f3f2,5,Frank,Clark,1971-01-03,FEMALE,4-(232)406-9243,NULL,"94409 CEDEX",France,Barby,NULL,NULL,3718,Voolith,Clark.Frank,5CbCgFafm,22b0c43e-36ee-45f5-9df7-be248b5b3946
38c430ce-450e-409c-bbde-46fbc67969de,4,Jacqueline,Perez,1987-06-17,MALE,5-(091)926-3830,NULL,NULL,Ukraine,Swallow,286,Novhorod-Sivers’kyy,2627,Quinu,Perez.Jacqueline,sImxtQQ85h,1fbdc964-3e49-426c-924c-b101a12a10b6
390fd28a-d6ee-4763-8ee5-32a3bc720056,1,Kimberly,Gonzalez,1979-10-06,FEMALE,2-(888)851-6129,NULL,NULL,Pakistan,Sugar,85456,Thatta,9927,Twitterwire,Gonzalez.Kimberly,MW2z8nL2H,d2a6c3bb-fefb-454d-a90d-f644c4eccc1b
39752e7e-7814-49b7-960d-b50d5eb9c962,19,Albert,Cook,2000-10-26,FEMALE,4-(396)799-8067,NULL,NULL,Moldova,Grover,115,Ialoveni,13,Tekfly,Cook.Albert,EV8PB2FkALBa,297d1b2f-a57d-4989-b711-0de302fce9b9
3a158b9f-ddd9-416a-81ed-f7f2bbbdb8dd,0,Joan,Cruz,2007-03-31,FEMALE,1-(864)188-1496,jcruz2c@dell.com,NULL,Colombia,Oxford,826,Pailitas,9205,Browsetype,Cruz.Joan,iO9cVy,0138736b-db68-4828-809a-93a11939bb67
3a31bf04-afe0-4a19-bd2f-29b5c55fabc3,5,Peter,King,1973-09-21,FEMALE,4-(693)210-4866,NULL,NULL,Poland,Gina,3265,Lutoryż,9533,Livetube,King.Peter,FGAnR8Y,1fbdc964-3e49-426c-924c-b101a12a10b6
3b15fd58-a55d-4633-96d6-d9fd74c18633,11,Kenneth,Sanders,2000-03-22,MALE,9-(736)538-9235,NULL,NULL,Indonesia,South,057,NULL,9126,Jabbercube,Sanders.Kenneth,0Ts5m5LI9Od,d2a6c3bb-fefb-454d-a90d-f644c4eccc1b
3b2e4466-57ce-4c4f-a366-d7557cbbc97a,18,Denise,Watson,1955-06-19,FEMALE,8-(657)615-6401,NULL,NULL,Tanzania,NULL,NULL,Bungu,6406,Oyoloo,Watson.Denise,JdaGE7egsLT,0138736b-db68-4828-809a-93a11939bb67
3d29f0bd-5ba3-4eef-9c96-e49d435e2fb0,9,Sean,Clark,1975-03-18,FEMALE,3-(432)979-0059,NULL,NULL,NULL,"Red Cloud",93,"San Carlos",8151,Twitterworks,Clark.Sean,GopGcvWuue,297d1b2f-a57d-4989-b711-0de302fce9b9
3d3a067d-76fa-4871-8c98-5af7bd2a9520,17,Philip,Simpson,1959-06-10,FEMALE,2-(316)989-2147,psimpson5e@imgur.com,NULL,Croatia,Novick,62227,"Grubišno Polje",9638,Voolia,Simpson.Philip,dGoQGsmdiP3,297d1b2f-a57d-4989-b711-0de302fce9b9
3e0a04ba-5af2-43c1-95cd-060911b4c10a,5,Earl,Baker,1987-07-09,MALE,6-(011)077-6033,NULL,NULL,Poland,Sunbrook,45312,NULL,2211,Flashset,Baker.Earl,zG7651GDaOJJ,22b0c43e-36ee-45f5-9df7-be248b5b3946
3fa18fd1-c04d-4395-b44b-4c46b5786b72,3,Dennis,Baker,1963-07-25,MALE,2-(670)476-2390,NULL,NULL,NULL,Delladonna,656,Troitskaya,3679,Photobug,Baker.Dennis,NAHehwX8Bh,22b0c43e-36ee-45f5-9df7-be248b5b3946
3fcbe363-340b-48b1-a6e8-ecbe23d0e7af,17,Clarence,Ross,2003-06-28,MALE,2-(835)263-7605,NULL,NULL,Bolivia,5th,02,Tupiza,7298,Dabvine,Ross.Clarence,b9NDBNr,1fbdc964-3e49-426c-924c-b101a12a10b6
407b0b20-a07c-42e2-8a6b-aa4aa503bc78,12,Phyllis,Morales,2009-11-29,FEMALE,6-(442)557-8815,pmorales2p@delicious.com,NULL,Kyrgyzstan,Emmet,03,NULL,7567,Topicblab,Morales.Phyllis,EA30QJj,0138736b-db68-4828-809a-93a11939bb67
4153203c-7ec5-435c-be90-45aa304809c0,15,Diana,Brown,2007-01-18,FEMALE,7-(437)330-2208,dbrownp@skype.com,NULL,Indonesia,Vera,7,"Labangka Satu",2789,Gigaclub,Brown.Diana,geX6fHzq,0138736b-db68-4828-809a-93a11939bb67
41801d0b-09b9-4576-8c75-7d571ecf53ee,14,Lawrence,Young,1959-12-19,MALE,5-(813)028-8588,lyoung45@squidoo.com,NULL,Russia,NULL,563,NULL,7294,Topicstorm,Young.Lawrence,wT9kdQQtzR9T,0138736b-db68-4828-809a-93a11939bb67
43944b6d-d76b-422e-b86c-73f986ba9048,9,Irene,Reynolds,1970-06-25,FEMALE,6-(592)162-0385,NULL,NULL,Poland,Grayhawk,6,Polańczyk,796,Bluezoom,Reynolds.Irene,mzxeyX4ss,297d1b2f-a57d-4989-b711-0de302fce9b9
43ac8167-73a5-434c-a581-18b270d2aa50,16,Phillip,Harvey,1971-09-04,MALE,6-(612)962-1393,NULL,NULL,Senegal,NULL,9396,Goléré,7004,Skyble,Harvey.Phillip,x1lHlXKQkL,22b0c43e-36ee-45f5-9df7-be248b5b3946
43af5bfb-c874-493d-bd15-6bc06e15ae0e,18,Donald,White,1982-01-26,FEMALE,7-(060)623-5928,NULL,"29213 CEDEX 1",France,Grim,46852,NULL,8571,Bubblemix,White.Donald,JPfg6j0z,297d1b2f-a57d-4989-b711-0de302fce9b9
44f59e22-1783-436a-b5bc-336fe330616e,9,John,Watson,1959-02-07,MALE,8-(591)687-6963,jwatson4c@skyrock.com,NULL,Indonesia,Lotheville,87,Kasreman,5304,Kare,Watson.John,iNQ7Cy,1fbdc964-3e49-426c-924c-b101a12a10b6
4a4c7969-d32f-401d-8ae9-5cd921fd0ab9,13,Douglas,Porter,1993-07-28,FEMALE,2-(306)624-0789,dporter2@psu.edu,NULL,NULL,NULL,25613,Volgograd,4753,Chatterpoint,Porter.Douglas,4DvzQvGVOlK,297d1b2f-a57d-4989-b711-0de302fce9b9
4acefcf0-9497-4818-9b34-4e398d17b568,1,Terry,Hunter,1984-06-04,FEMALE,NULL,thunter16@hao123.com,NULL,Canada,Gateway,97381,Berthierville,6340,Youfeed,Hunter.Terry,eKlBFvt6fRN,d2a6c3bb-fefb-454d-a90d-f644c4eccc1b
4cb7fbca-ffb5-424b-ba2e-e8da413ca8f2,11,George,Fox,2010-01-04,FEMALE,4-(181)398-3688,NULL,NULL,Ukraine,Schlimgen,NULL,Varva,3178,Dablist,Fox.George,fuTBOB8HwH,297d1b2f-a57d-4989-b711-0de302fce9b9
4d0bf302-78a1-429a-ad8d-40ef21f56e44,10,Joan,Meyer,2008-06-03,FEMALE,9-(353)438-9393,jmeyer19@eventbrite.com,NULL,Iran,Cottonwood,49,Qorveh,1609,DabZ,Meyer.Joan,TUV31qQSE,297d1b2f-a57d-4989-b711-0de302fce9b9
4d592d86-7e2a-4b80-92cc-2e9f60832159,15,Antonio,Coleman,1985-01-03,FEMALE,NULL,NULL,3505-559,NULL,Loeprich,04,Mundão,6278,Flashspan,Coleman.Antonio,p5UJBjAnU0,0138736b-db68-4828-809a-93a11939bb67
4f04048a-30ac-425b-b177-3f898c78afa1,0,Larry,Evans,2007-01-24,FEMALE,8-(452)450-2308,levans1g@technorati.com,"75326 CEDEX 07",France,Lukken,28,"Paris 07",1872,Dabfeed,Evans.Larry,9k1CYm,0138736b-db68-4828-809a-93a11939bb67
4fce76cf-14c5-4453-97e4-5506b113b0bd,6,Stephanie,Alexander,1956-11-30,FEMALE,5-(901)009-8723,NULL,NULL,Indonesia,"La Follette",50713,Ngawi,8009,Oyoloo,Alexander.Stephanie,DxlxovJOeni,1fbdc964-3e49-426c-924c-b101a12a10b6
4fd7cb98-7ac9-4cbd-bdc8-c4c05cdf8d4e,12,Victor,Sims,1950-11-17,FEMALE,1-(532)387-2716,vsims1o@is.gd,5150-015,Portugal,Westport,980,Almendra,7985,Midel,Sims.Victor,9kwu26UV0UHu,22b0c43e-36ee-45f5-9df7-be248b5b3946
5082747f-995b-4312-ac93-f8fdb2a4ad2a,16,Sara,Davis,1967-06-19,MALE,5-(037)126-4559,sdavis44@mediafire.com,NULL,Serbia,Scofield,64461,Čortanovci,5498,Gabcube,Davis.Sara,hUgC6Bj7itHk,0138736b-db68-4828-809a-93a11939bb67
50b3ca94-b251-4313-947e-5f7870b1356e,5,Jacqueline,Cook,1986-09-09,MALE,3-(648)859-1811,NULL,NULL,China,Sutteridge,NULL,Liulin,5878,Dynabox,Cook.Jacqueline,unUT0XcS,22b0c43e-36ee-45f5-9df7-be248b5b3946
5111b7b7-b2fb-4071-94c9-2a492639b273,19,Nicole,Baker,1955-09-17,FEMALE,4-(670)749-2651,NULL,NULL,China,Atwood,99,Dabao,4821,Skilith,Baker.Nicole,lOnCUx,1fbdc964-3e49-426c-924c-b101a12a10b6
51d046e3-373a-4009-89ca-847b23fc3f4d,18,Mary,Fowler,2006-12-19,FEMALE,4-(356)243-8527,mfowler3a@sfgate.com,NULL,Serbia,Leroy,3631,NULL,8224,Thoughtbridge,Fowler.Mary,yiDeV02dee,d2a6c3bb-fefb-454d-a90d-f644c4eccc1b
53f012b6-0b56-476b-9ed0-983402d41ded,8,Sharon,Snyder,1974-04-17,MALE,0-(169)589-2198,NULL,NULL,Poland,Westend,3495,Łobodno,2582,Dabjam,Snyder.Sharon,nNCJfJOYc,0138736b-db68-4828-809a-93a11939bb67
5537b2e7-d1e0-4e48-8e13-b0e1149c101a,20,Robert,Watson,1964-05-31,MALE,0-(240)286-6095,NULL,NULL,Russia,"Meadow Vale",3353,NULL,927,Fiveclub,Watson.Robert,xwhpXv,d2a6c3bb-fefb-454d-a90d-f644c4eccc1b
557a2238-738d-4022-baaa-9ef200be0807,7,Chris,Mills,1960-09-20,FEMALE,4-(651)461-9713,NULL,NULL,Indonesia,NULL,22,Sidaharja,6675,Yata,Mills.Chris,2ozKLMArtd,d2a6c3bb-fefb-454d-a90d-f644c4eccc1b
55e319eb-3db7-4483-96ae-70e7964c761e,2,Antonio,Greene,1966-05-09,FEMALE,NULL,NULL,NULL,Venezuela,Pankratz,38,"San Juan de los Morros",2427,Oodoo,Greene.Antonio,eWsXwWl,297d1b2f-a57d-4989-b711-0de302fce9b9
58691045-f1ad-4814-b2c4-e219f6c028ac,13,Christopher,Wright,NULL,FEMALE,3-(070)906-7989,NULL,NULL,NULL,Corry,95,"Banjar Kajanan",5919,Riffpath,Wright.Christopher,zkNIkZte0ZhB,1fbdc964-3e49-426c-924c-b101a12a10b6
58f5a716-c1e0-4b12-a782-4f6a86747cf8,19,Ralph,Flores,1960-04-07,MALE,1-(540)319-7911,rflores1t@comcast.net,NULL,Indonesia,Memorial,44,Fatuhilik,4706,Rhynyx,Flores.Ralph,eIZ80QMX2d,d2a6c3bb-fefb-454d-a90d-f644c4eccc1b
5970cb45-2da5-4af3-a1d9-ac7445496f1e,1,Roy,Nelson,NULL,MALE,8-(556)010-4148,rnelson1b@tuttocitta.it,NULL,Cuba,Lotheville,46230,"Río Guayabal de Yateras",350,Gabspot,Nelson.Roy,GpG2HCr,0138736b-db68-4828-809a-93a11939bb67
5c65e7d1-3ee2-455d-91ee-480da189bb1d,3,Douglas,Fisher,1965-02-24,MALE,1-(105)589-1673,NULL,NULL,"New Zealand",Lakeland,319,Kawakawa,1189,Jabbercube,Fisher.Douglas,WH2vSs,22b0c43e-36ee-45f5-9df7-be248b5b3946
5e07b30a-ad67-44d7-addd-47d037045d83,18,Kelly,Parker,1997-04-15,MALE,5-(030)293-9035,NULL,NULL,Japan,Helena,31,Ōmuta,6321,Kazu,Parker.Kelly,FhsKbiw,1fbdc964-3e49-426c-924c-b101a12a10b6
60b03977-b88b-41f7-a882-7ad84c13d4b8,11,Joan,White,1971-04-29,MALE,5-(826)489-4986,NULL,NULL,Slovenia,NULL,4,Grosuplje,3750,Vitz,White.Joan,XTbncuSr,22b0c43e-36ee-45f5-9df7-be248b5b3946
637eabe6-d338-4395-9e58-e90a07927c66,5,Brandon,Morgan,1960-03-22,FEMALE,NULL,NULL,23285,"United States",Hanover,NULL,Richmond,7958,Realmix,Morgan.Brandon,yHm1SIECk,0138736b-db68-4828-809a-93a11939bb67
63e6caaa-64f0-4132-9597-afaef4085b74,8,Jeremy,Coleman,1955-10-28,MALE,9-(244)657-7503,NULL,77228,"United States","Golf Course",66,Houston,1879,Kwilith,Coleman.Jeremy,HufrxXL,297d1b2f-a57d-4989-b711-0de302fce9b9
66b9e34d-2370-4af3-8f89-b45d756bc01b,14,Albert,Andrews,1962-07-01,FEMALE,1-(563)760-5844,aandrews2n@de.vu,NULL,China,NULL,63,Cangshan,4616,Gabvine,Andrews.Albert,npwh7OAoKTz,1fbdc964-3e49-426c-924c-b101a12a10b6
66fde2cd-0763-4ac8-af86-56753a45183a,15,Ronald,Moreno,NULL,NULL,3-(691)300-9415,rmoreno9@issuu.com,NULL,Azerbaijan,Oriole,81026,Quba,4342,Trudeo,Moreno.Ronald,sBacdyJ,0138736b-db68-4828-809a-93a11939bb67
67c97688-a6ee-473e-85d1-61511b96f956,12,Donna,Sanders,1951-07-11,MALE,NULL,dsanders26@japanpost.jp,NULL,"South Africa",Pennsylvania,9068,Ballitoville,2199,Quimm,Sanders.Donna,AFE53ZBRvO,297d1b2f-a57d-4989-b711-0de302fce9b9
69ea5720-80c8-4d65-8835-6e97dbe0608a,6,Steve,Day,2008-06-27,FEMALE,7-(667)151-0042,NULL,NULL,Indonesia,Sloan,131,Magersari,3290,Eazzy,Day.Steve,HH6LyRy,297d1b2f-a57d-4989-b711-0de302fce9b9
6d3db8b4-c42a-4b7a-9899-d34e07449b92,17,Richard,Montgomery,1999-03-14,MALE,2-(492)859-9970,rmontgomery4r@ucoz.ru,NULL,Philippines,Hintze,0425,Navotas,2476,Feednation,Montgomery.Richard,yDvFjrhyIMDF,297d1b2f-a57d-4989-b711-0de302fce9b9
6fa0626c-6603-44dd-9dcb-47f13d87f565,0,Wayne,Watkins,1989-07-11,MALE,2-(788)099-8569,NULL,NULL,China,NULL,7,Lüjiabao,8309,Zoonder,Watkins.Wayne,UZl2RCgL5Al2,22b0c43e-36ee-45f5-9df7-be248b5b3946
7002bf7a-5d43-46cb-8e07-4c3cd2acd160,4,Katherine,Adams,1971-05-15,FEMALE,4-(308)155-5083,kadams3r@wix.com,NULL,China,Trailsway,16689,Lüjiabao,3952,Oyoyo,Adams.Katherine,DzgVNE,297d1b2f-a57d-4989-b711-0de302fce9b9
70bc716c-78d7-442c-9f2e-e42d51f0bf00,2,Ralph,Morales,1962-01-16,MALE,8-(150)320-2612,rmorales51@wikispaces.com,NULL,China,Northwestern,4927,NULL,5337,Fanoodle,Morales.Ralph,IaUZFPTkRs,297d1b2f-a57d-4989-b711-0de302fce9b9
75d2bf2b-04df-493c-baa5-29cd0afb340f,20,Samuel,Edwards,1985-12-08,FEMALE,8-(676)357-1957,sedwards5j@umn.edu,NULL,Russia,"Old Gate",4,Grazhdanka,2992,Skivee,Edwards.Samuel,YT3fLUEMNzH8,297d1b2f-a57d-4989-b711-0de302fce9b9
760754de-96fe-43f4-8ddd-18b37a412206,19,Ruth,Johnston,1961-11-22,MALE,8-(982)467-4117,NULL,NULL,Indonesia,Melby,21294,Tebanah,619,Skidoo,Johnston.Ruth,xsXoPBA,297d1b2f-a57d-4989-b711-0de302fce9b9
761debb3-a861-4496-8dda-39c4c9e47e81,17,Craig,Fuller,1963-10-04,FEMALE,3-(092)323-2478,NULL,NULL,Indonesia,Village,30438,Randuagung,8067,Twiyo,Fuller.Craig,8wblMxDl7,1fbdc964-3e49-426c-924c-b101a12a10b6
766ec8a6-3930-4fdf-ae91-2788e108da6a,8,Roger,Reed,1992-01-27,MALE,1-(220)736-0364,rreed4b@constantcontact.com,NULL,Russia,North,43,Vistino,3831,Rhyloo,Reed.Roger,i3gFI3ovYB,0138736b-db68-4828-809a-93a11939bb67
77923c02-e2c6-4091-bef8-bb0b3eca5304,0,Earl,Lawrence,1994-02-01,FEMALE,4-(931)628-8704,elawrence59@kickstarter.com,NULL,Ukraine,Hagan,3112,Kozel’shchyna,7805,Dynazzy,Lawrence.Earl,j1WBys0Ac,1fbdc964-3e49-426c-924c-b101a12a10b6
7870fc21-fbf7-4253-b35e-a4e480d2b9de,19,Earl,Bowman,1960-08-31,FEMALE,7-(928)148-1956,ebowman4m@walmart.com,NULL,China,Porter,9885,NULL,5804,Meembee,Bowman.Earl,Xfpyk3pa98H,d2a6c3bb-fefb-454d-a90d-f644c4eccc1b
787f6737-c064-4bb4-8e29-89a518489013,7,Helen,Nguyen,1989-12-19,MALE,4-(489)072-6965,hnguyen4q@ucsd.edu,NULL,China,NULL,251,Yushugou,8613,Teklist,Nguyen.Helen,3Ln847O,297d1b2f-a57d-4989-b711-0de302fce9b9
7ba3d13b-fd07-46bc-8992-d4c218e15280,15,Marie,Dean,1963-09-22,FEMALE,0-(857)458-3069,NULL,NULL,Panama,Bowman,03748,Chepo,1222,Twitterwire,Dean.Marie,g9DT7Wyo,297d1b2f-a57d-4989-b711-0de302fce9b9
7cebc01f-a3cc-48a6-a25f-c920015b601f,11,James,Sanders,2008-11-22,MALE,0-(939)639-7517,jsanders52@example.com,NULL,Macedonia,Basil,2901,Dobrošte,7092,Katz,Sanders.James,Y0wdHHiUFXl,1fbdc964-3e49-426c-924c-b101a12a10b6
7d0b25da-c370-4baa-a295-5992ecd70073,4,Clarence,Lynch,2007-05-01,MALE,2-(447)709-8881,NULL,NULL,Philippines,Annamark,10,Danao,4825,Innotype,Lynch.Clarence,HgoLPKf8SeW,22b0c43e-36ee-45f5-9df7-be248b5b3946
7e6684cd-93b8-4016-9ae1-bcc414a1d909,0,Jacqueline,Morris,1976-02-23,MALE,5-(464)906-6316,NULL,NULL,Latvia,NULL,86009,Jūrmala,7456,Yodo,Morris.Jacqueline,xJV92toIO,1fbdc964-3e49-426c-924c-b101a12a10b6
7f0b2984-948b-4511-b408-efee8dfd29f4,7,Carol,Dean,2000-04-06,FEMALE,NULL,cdean2i@dell.com,NULL,NULL,NULL,27341,Sumberkrajan,7785,Rhybox,Dean.Carol,xlaSdpls,0138736b-db68-4828-809a-93a11939bb67
7f3c29a3-3371-4d5f-aa5c-ff7e89bfa09b,2,Ernest,Bowman,1976-07-20,MALE,4-(426)459-6601,NULL,NULL,Pakistan,"Brickson Park",4861,NULL,1525,Chatterpoint,Bowman.Ernest,XNtXn3UxWb,1fbdc964-3e49-426c-924c-b101a12a10b6
7fe07c08-f014-49d4-a65d-2a5d7b91e2a9,1,Katherine,Hudson,1954-05-15,MALE,5-(755)375-4280,NULL,NULL,"Dominican Republic",Dakota,5,Esperalvillo,3818,Meezzy,Hudson.Katherine,DrXB7K,22b0c43e-36ee-45f5-9df7-be248b5b3946
8259aaa6-4592-4a32-b7af-646f06986efb,14,Benjamin,Garrett,1988-04-14,FEMALE,8-(792)883-7385,NULL,NULL,Philippines,Jenifer,97,Calauan,9626,InnoZ,Garrett.Benjamin,uqzT2gRcev,1fbdc964-3e49-426c-924c-b101a12a10b6
82c40a7f-f71c-46f9-a9f1-a2f8901f2aeb,5,Carol,Wood,1986-02-04,FEMALE,7-(540)244-1959,NULL,NULL,Ukraine,Pankratz,070,Merefa,7943,Centimia,Wood.Carol,lENLPCFW3m,297d1b2f-a57d-4989-b711-0de302fce9b9
82c5246c-ee72-419b-b27c-275b03b3acf0,14,Eugene,Phillips,1958-08-14,FEMALE,2-(004)681-9879,ephillips1f@samsung.com,NULL,France,Myrtle,3004,Sélestat,2371,Trilia,Phillips.Eugene,OBTETdfTH2uQ,297d1b2f-a57d-4989-b711-0de302fce9b9
83e81099-1eaa-495b-a079-442e1a112666,4,Joan,Chapman,1994-05-15,MALE,8-(701)086-2504,jchapman50@addthis.com,46857,"United States",Texas,00,"Fort Wayne",1239,Gigaclub,Chapman.Joan,oHAJJrvSjhtu,1fbdc964-3e49-426c-924c-b101a12a10b6
87327840-f8b2-48f9-aa6c-9e4125960400,14,Ann,Ford,1952-08-11,MALE,5-(247)160-6018,NULL,NULL,Honduras,Kennedy,NULL,NULL,4190,Jabbersphere,Ford.Ann,w6l2Kjfj5W,297d1b2f-a57d-4989-b711-0de302fce9b9
88f9e6d9-679c-4526-be5e-f1be2b934ee6,19,Kathleen,Foster,1956-08-04,MALE,8-(652)583-7389,kfoster1r@google.it,"91709 CEDEX",NULL,NULL,79765,Sainte-Geneviève-des-Bois,7796,Trupe,Foster.Kathleen,yNkv8GUiIN5,d2a6c3bb-fefb-454d-a90d-f644c4eccc1b
89bf5dd5-9ec1-47ee-bfbc-ed1a4c669803,18,Richard,Stewart,1989-01-05,MALE,7-(500)683-5566,NULL,NULL,NULL,Shopko,NULL,NULL,1902,Jazzy,Stewart.Richard,5VBD596OwZ,0138736b-db68-4828-809a-93a11939bb67
8a72815c-8333-464b-9145-02700e502e5d,17,Tina,Carpenter,2007-04-23,MALE,4-(724)076-7181,tcarpenter37@reuters.com,NULL,Indonesia,Rowland,7258,"Alue Glumpang",5336,Skaboo,Carpenter.Tina,LJO9qaEertfN,22b0c43e-36ee-45f5-9df7-be248b5b3946
8b237655-b0fd-4643-9645-cee649057a1f,13,Gerald,Burke,2003-07-01,FEMALE,4-(783)994-6465,NULL,NULL,Indonesia,Marcy,11,Salakuray,1475,Devcast,Burke.Gerald,UbRN7GvzPBez,d2a6c3bb-fefb-454d-a90d-f644c4eccc1b
8be0092e-0efd-4ed5-adf7-7a577bb1bbd8,11,Annie,Adams,2008-09-28,FEMALE,7-(927)750-1270,NULL,NULL,Ireland,Northview,97773,Balally,9312,Trudeo,Adams.Annie,1Rwpt72,22b0c43e-36ee-45f5-9df7-be248b5b3946
8c5ffcf7-e921-4487-a188-00cb7913a076,1,Jennifer,Oliver,1999-11-08,FEMALE,9-(798)086-7431,joliver22@issuu.com,"92036 CEDEX",France,Melrose,70691,"Paris La Défense",7923,Browsezoom,Oliver.Jennifer,Ztv7Dy,1fbdc964-3e49-426c-924c-b101a12a10b6
8c852d0b-fd9d-4035-bff3-aba6e4904e45,6,Sandra,James,1979-04-04,FEMALE,8-(641)897-8804,sjames10@wiley.com,NULL,Russia,Kedzie,2998,"Verkhniye Kigi",2606,Oodoo,James.Sandra,LPXAkIvp0JU7,1fbdc964-3e49-426c-924c-b101a12a10b6
8f3fb762-df2a-4b6d-86a0-fc6c241a0256,14,Sean,Morales,1959-08-27,FEMALE,3-(064)613-7148,smorales4s@ucoz.com,NULL,Jordan,Rowland,00883,Mādabā,3047,Skajo,Morales.Sean,fNpmN6wgqgr9,0138736b-db68-4828-809a-93a11939bb67
9094dec9-1cba-403f-97b4-8bef8d569d26,10,Deborah,Olson,1984-11-06,MALE,NULL,dolson25@guardian.co.uk,NULL,Philippines,"Prairie Rose",0,Talisayan,3708,Voonyx,Olson.Deborah,p6cK8x36EwHX,22b0c43e-36ee-45f5-9df7-be248b5b3946
9263c8a5-a1d7-418e-918c-0a81958913d3,17,Carol,Garrett,1996-01-23,FEMALE,4-(048)387-6084,NULL,NULL,China,"High Crossing",85681,Yingcheng,3134,Reallinks,Garrett.Carol,oppdVJuNkB,1fbdc964-3e49-426c-924c-b101a12a10b6
95ef59da-b359-421a-a8b5-7df57b744b68,7,Lois,Knight,1960-05-07,NULL,NULL,lknight34@123-reg.co.uk,NULL,China,Schlimgen,727,Huaqiao,3585,Kimia,Knight.Lois,xgorNo,22b0c43e-36ee-45f5-9df7-be248b5b3946
96f4ebc7-433f-4281-9473-cb8734b6ec07,3,Lillian,Mccoy,1983-05-10,MALE,1-(931)354-2366,NULL,NULL,Thailand,Iowa,21935,"Lam Plai Mat",4951,NULL,Mccoy.Lillian,ZaeROtBOhKG2,297d1b2f-a57d-4989-b711-0de302fce9b9
97be2bdd-ac75-4702-a5f2-77893b4de0fd,2,Ronald,Ortiz,1966-09-08,MALE,4-(503)307-7488,rortiz14@senate.gov,NULL,Indonesia,NULL,825,Deranitan,785,Zoomlounge,Ortiz.Ronald,hMFB4e5hs,297d1b2f-a57d-4989-b711-0de302fce9b9
97d3b122-f287-48ce-b04d-39ca9a0a8c64,13,Christopher,Fernandez,1968-11-19,MALE,9-(353)280-7833,NULL,06250,Malaysia,Morning,25619,"Alor Star",5141,Quatz,Fernandez.Christopher,PDLghp2h,d2a6c3bb-fefb-454d-a90d-f644c4eccc1b
9825079a-5f67-4db7-8acd-b57b3818f584,3,Marilyn,Perkins,1958-11-17,FEMALE,3-(706)056-2601,NULL,NULL,Argentina,Banding,4,"Nueve de Julio",5583,Youspan,Perkins.Marilyn,JwgbyBavC,297d1b2f-a57d-4989-b711-0de302fce9b9
985be346-9313-4010-84a8-daa1e4e2b71b,15,Marilyn,Mitchell,1975-09-14,FEMALE,4-(207)582-9288,mmitchell28@netscape.com,NULL,China,Graceland,NULL,Kesheng,4406,Oba,Mitchell.Marilyn,Q2Zrty1Y,d2a6c3bb-fefb-454d-a90d-f644c4eccc1b
98ae5185-f003-4250-9ac5-d2b675d9fc03,8,Beverly,Parker,1974-04-10,FEMALE,3-(538)261-1951,bparker4n@t-online.de,4535-160,Portugal,"Pine View",366,Mozelos,8330,Skipfire,Parker.Beverly,kRYIb8CO3,d2a6c3bb-fefb-454d-a90d-f644c4eccc1b
98c4554b-1a95-4705-93e4-9774c22bfb5d,7,Jonathan,Reynolds,1963-11-14,MALE,8-(834)981-7642,jreynolds2x@omniture.com,NULL,Nigeria,Pennsylvania,38,NULL,6864,Cogibox,Reynolds.Jonathan,pFdZgxJP,1fbdc964-3e49-426c-924c-b101a12a10b6
99dfc15e-0912-48e4-b6e0-f92317858be9,18,Virginia,Ford,1954-01-24,MALE,0-(985)076-3574,NULL,NULL,Indonesia,7th,322,Kutamandarakan,8285,Photobean,Ford.Virginia,SlAu8T5M,1fbdc964-3e49-426c-924c-b101a12a10b6
9a9c5b0a-64e1-4ebf-8364-61f28d89ce06,12,Fred,Matthews,1982-07-31,MALE,3-(388)383-8887,NULL,NULL,Philippines,Emmet,28815,Patique,8909,Tavu,Matthews.Fred,Too7wc8,22b0c43e-36ee-45f5-9df7-be248b5b3946
9b1c8994-b505-4daf-a78f-6ed6ed98d73a,6,Jennifer,Turner,1993-03-18,MALE,5-(128)533-2037,NULL,93916,Malaysia,Blackbird,NULL,Kuching,4468,Kaymbo,Turner.Jennifer,H5hMD6Yg,1fbdc964-3e49-426c-924c-b101a12a10b6
9ea0fd1c-89b1-49bd-8059-54fabb309582,11,Heather,Pierce,1970-08-22,MALE,6-(322)653-5753,hpierce2z@sakura.ne.jp,NULL,"Bosnia and Herzegovina",Birchwood,96,Vitez,8389,Pixope,Pierce.Heather,vnZmOcZYgi,0138736b-db68-4828-809a-93a11939bb67
a122389f-a061-4929-9c3d-11914748b791,5,Michael,Schmidt,1957-09-05,MALE,9-(608)158-3136,mschmidt2h@quantcast.com,NULL,Poland,West,NULL,"Radzyń Chełmiński",4847,Jazzy,Schmidt.Michael,PpM17g4mq5Uf,22b0c43e-36ee-45f5-9df7-be248b5b3946
a1572351-339d-475b-a441-1488f3c0edca,16,Terry,Freeman,1986-05-04,MALE,4-(931)167-2889,NULL,NULL,Philippines,Alpine,595,"San Antonio",8849,Riffpedia,Freeman.Terry,DWTzylw9So0U,1fbdc964-3e49-426c-924c-b101a12a10b6
a3cc2bd9-8427-4e17-9566-04561a6b6cc2,16,Richard,Anderson,1999-09-11,FEMALE,NULL,NULL,NULL,Cyprus,"Eagle Crest",721,Akaki,20,Kare,Anderson.Richard,KF62J1,1fbdc964-3e49-426c-924c-b101a12a10b6
a4120416-1cae-4f26-9b55-5db4f94834b5,8,Lois,Day,2008-12-18,MALE,0-(981)407-3997,NULL,NULL,Poland,Kings,43067,Pecna,8429,Realbridge,Day.Lois,PrVDwGOVZtW1,22b0c43e-36ee-45f5-9df7-be248b5b3946
a4217c4b-f439-4680-90c1-bacda5fdb1da,16,Ann,Jones,1984-09-10,FEMALE,3-(782)752-8583,ajones1m@shop-pro.jp,NULL,China,Hintze,24472,Sanzhou,1922,Lazzy,Jones.Ann,fcTOzma2,297d1b2f-a57d-4989-b711-0de302fce9b9
a7b9e803-4476-45b4-8b66-a9e86ddc747e,16,Louis,Bishop,1992-02-05,MALE,4-(846)463-0261,NULL,NULL,Indonesia,Judy,620,Nao,3598,Eadel,Bishop.Louis,0ldRmg5LVw,0138736b-db68-4828-809a-93a11939bb67
aaef6151-8e59-4234-a597-1168f2faf151,4,Elizabeth,Allen,1995-11-19,FEMALE,5-(632)741-7577,eallen1h@washington.edu,NULL,Russia,NULL,58099,Yelizavetinskaya,6340,LiveZ,Allen.Elizabeth,6FLYR0AC,1fbdc964-3e49-426c-924c-b101a12a10b6
ab77bb61-b963-4b3b-92d6-837dd364bbc9,0,Kenneth,Burke,1969-12-19,FEMALE,9-(656)741-4937,kburke27@princeton.edu,NULL,Jordan,Darwin,9038,Ḩātim,4063,Yadel,Burke.Kenneth,pvyy8d0PK,297d1b2f-a57d-4989-b711-0de302fce9b9
ae050881-1b2b-4366-933c-a4baf5c74b42,16,Brian,Wright,1998-01-27,MALE,1-(760)519-3135,NULL,"22194 CEDEX",France,NULL,692,Plérin,2999,Edgepulse,Wright.Brian,7fwoyIoXCHlL,1fbdc964-3e49-426c-924c-b101a12a10b6
af1324eb-f707-437b-a79a-a6c4d4f6efc4,18,Joshua,Jones,1960-12-30,MALE,9-(900)424-2168,jjonesn@tuttocitta.it,NULL,NULL,Bartillon,9226,"Ar Riqqah",1121,Mita,Jones.Joshua,cItRa1EpRe,22b0c43e-36ee-45f5-9df7-be248b5b3946
b1b3ad49-4d71-4021-afe9-a4bdc90c03dc,7,Sara,Watkins,1987-03-09,FEMALE,3-(490)366-3510,NULL,NULL,Greece,Bobwhite,0,"Áyios Vasílios",7388,Dablist,Watkins.Sara,PGfue16,297d1b2f-a57d-4989-b711-0de302fce9b9
b26b2092-74d3-4be8-8631-963ee49d45b5,17,Alan,Perry,1957-12-14,FEMALE,2-(584)313-4578,NULL,NULL,Indonesia,Packers,82,Kolirerek,8068,Dabtype,Perry.Alan,0mtuaK,d2a6c3bb-fefb-454d-a90d-f644c4eccc1b
b2dcf2b7-ec62-443f-b802-05930ab60833,3,Bonnie,Gonzalez,1964-01-29,FEMALE,2-(876)874-0092,NULL,NULL,Colombia,NULL,7,NULL,4936,Mydeo,Gonzalez.Bonnie,HGypm49,22b0c43e-36ee-45f5-9df7-be248b5b3946
b3568c21-2aba-4716-b9ad-e67e8ebe5b2e,16,Alice,Matthews,1984-07-27,FEMALE,1-(765)583-8735,amatthews33@shareasale.com,90189,"United States",Southridge,9622,"Los Angeles",7384,Twitterworks,Matthews.Alice,qk69dlBM,d2a6c3bb-fefb-454d-a90d-f644c4eccc1b
b44decf1-369c-4a22-978e-b4168e07c3e7,17,Matthew,Andrews,1997-03-14,MALE,7-(362)433-1625,mandrews4x@imageshack.us,NULL,NULL,Center,1,NULL,5757,Gigabox,Andrews.Matthew,sXV1XW,1fbdc964-3e49-426c-924c-b101a12a10b6
b4538baa-18f6-4fdc-8fcd-067b583d1098,0,Linda,Peterson,2006-05-22,FEMALE,1-(599)803-4088,lpetersond@slideshare.net,NULL,Philippines,"Saint Paul",04037,Matayumtayum,9672,Skiptube,Peterson.Linda,8ZP4Dnij5,22b0c43e-36ee-45f5-9df7-be248b5b3946
b453a13a-a25c-49c3-946b-c9a0f6c05608,18,Ashley,Mendoza,1985-04-16,FEMALE,1-(286)284-5244,NULL,NULL,Russia,Mallard,93252,"Imeni Zhelyabova",6709,Browsedrive,Mendoza.Ashley,zVSRdVSJ09xl,297d1b2f-a57d-4989-b711-0de302fce9b9
b47cf6ac-e5e1-4eab-bf37-68be98f2d57f,17,Patricia,Kelley,1967-07-17,MALE,6-(694)870-0782,NULL,NULL,NULL,Summerview,360,Potosí,2033,Wikizz,Kelley.Patricia,cz4b9dp2ilN,d2a6c3bb-fefb-454d-a90d-f644c4eccc1b
b6a268dd-b47a-41dd-9ee4-6d188f87863e,8,Anne,Ross,1965-12-20,MALE,3-(745)157-3323,NULL,NULL,Indonesia,"Saint Paul",08277,NULL,2854,Pixoboo,Ross.Anne,GuTJHCnnG0W,22b0c43e-36ee-45f5-9df7-be248b5b3946
b75f3fda-2d4b-4b36-bea4-7b1945d0a5f9,6,Carolyn,Russell,1979-07-29,MALE,7-(822)033-6251,crussell42@slashdot.org,NULL,China,Caliangt,09,Dalang,4199,Gabspot,Russell.Carolyn,6vz8qCf,297d1b2f-a57d-4989-b711-0de302fce9b9
bb452653-f88b-442c-96f9-446ac7195103,11,Jane,Jackson,1992-02-15,FEMALE,NULL,NULL,NULL,Brazil,Vernon,1320,Goiás,1489,Gabvine,Jackson.Jane,61AFPBlU5OB,d2a6c3bb-fefb-454d-a90d-f644c4eccc1b
bb9b037d-efbb-4cf9-89f0-2d65ef0cdafe,20,Amy,Webb,1965-08-05,MALE,0-(568)672-6104,awebb55@google.de,NULL,Iran,Eggendart,695,Qīr,5237,Rhyloo,Webb.Amy,kanjoaz9,1fbdc964-3e49-426c-924c-b101a12a10b6
bbdd201f-b85e-482e-88e3-b5be49876553,1,Earl,Warren,2002-01-19,MALE,5-(824)322-1907,NULL,NULL,Peru,Pierstorff,45983,Cotabambas,7651,Brightdog,Warren.Earl,tuJnK27,297d1b2f-a57d-4989-b711-0de302fce9b9
bd59578d-a2e8-4618-a574-b20d99da23b9,11,Richard,Lane,2008-05-11,FEMALE,9-(294)652-6657,NULL,NULL,NULL,Trailsway,3,Salam,1916,Innojam,Lane.Richard,bp1YA3T,0138736b-db68-4828-809a-93a11939bb67
be6d2f59-b0c2-46f4-9d32-da6194bff110,18,Robin,Stevens,2004-09-15,FEMALE,4-(174)129-9984,rstevens3d@privacy.gov.au,NULL,"South Africa",Shopko,192,Centurion,5197,BlogXS,Stevens.Robin,ewZDWZPkr,1fbdc964-3e49-426c-924c-b101a12a10b6
c2e1e041-e552-41f3-be90-14ab28d56b35,1,Sara,Hamilton,1975-01-24,MALE,3-(428)138-4656,shamiltonr@nymag.com,NULL,Chile,Northland,08,Curanilahue,9023,Blognation,Hamilton.Sara,s4tJRB16WvF,22b0c43e-36ee-45f5-9df7-be248b5b3946
c3a50cc6-6a54-49ee-8c4d-c8ed2aba2954,16,Tammy,Baker,1973-10-22,MALE,5-(862)708-5854,tbaker3e@nifty.com,NULL,Yemen,Carpenter,28539,Dhahi,412,Livetube,Baker.Tammy,hDqYI6X6l,0138736b-db68-4828-809a-93a11939bb67
c4a824be-1ec5-4ed9-a524-4e315e01e506,2,Norma,Harris,1958-04-26,MALE,8-(654)751-5530,NULL,4960-522,Portugal,Namekagon,81,Vila,8291,Brainbox,Harris.Norma,TJsVnluB,0138736b-db68-4828-809a-93a11939bb67
c4d55590-6ae8-4884-b54c-1b30f7c2ecee,17,Kimberly,Day,1995-02-03,MALE,7-(121)283-4526,NULL,NULL,Laos,Lawn,75669,Thakhèk,4286,Kanoodle,Day.Kimberly,hXymfxrv,0138736b-db68-4828-809a-93a11939bb67
c50364f4-352c-4ce5-85f2-4e019e80d181,11,Matthew,Martin,1976-06-08,FEMALE,8-(192)668-1082,mmartin2o@independent.co.uk,NULL,China,Hanover,59460,Shangtian,809,Rhynoodle,Martin.Matthew,oP3on5vVKn,d2a6c3bb-fefb-454d-a90d-f644c4eccc1b
c540cd1b-f076-4731-a4ff-cf49ba316913,11,Joshua,Larson,1978-08-18,FEMALE,0-(000)250-7926,jlarson3z@cyberchimps.com,NULL,China,Anhalt,3967,Xinqiao,680,Teklist,Larson.Joshua,RFc6xYl,1fbdc964-3e49-426c-924c-b101a12a10b6
c5b8bd10-d4f8-4e86-8c7a-c493110d2089,13,Roy,Perez,2006-02-01,FEMALE,9-(402)258-0385,rperez21@vistaprint.com,NULL,China,Bayside,66,Tacheng,1685,Kwilith,Perez.Roy,nM2rgTuHPi,1fbdc964-3e49-426c-924c-b101a12a10b6
c6036f6e-970b-455e-ac00-50b8271f54b4,15,Sandra,Stevens,1959-09-17,MALE,8-(578)691-3644,NULL,NULL,China,NULL,48912,Chuoyuan,1759,Skinte,Stevens.Sandra,8Xvjwvj1nM,d2a6c3bb-fefb-454d-a90d-f644c4eccc1b
c61d36ad-0965-45e7-b225-d09b5dde4269,18,Douglas,Baker,2004-10-16,MALE,5-(834)291-6179,dbaker1s@vinaora.com,NULL,NULL,NULL,NULL,Dengnan,7136,Zoombeat,Baker.Douglas,kSilx9LmR4YR,22b0c43e-36ee-45f5-9df7-be248b5b3946
c908a069-f314-44a2-9c6a-dcabe0d12187,11,Steven,Martin,1993-09-13,FEMALE,8-(209)461-0220,NULL,NULL,Colombia,Onsgard,2693,NULL,4319,Dynazzy,Martin.Steven,yqP3k4,22b0c43e-36ee-45f5-9df7-be248b5b3946
c95174e2-b756-4725-9cde-99ba8f1707a8,20,Rebecca,Wheeler,1990-09-06,MALE,1-(449)043-5689,rwheeler5b@blogtalkradio.com,3130-199,Portugal,Linden,3370,Soure,7986,Tagtune,Wheeler.Rebecca,kLX2e8Wg,1fbdc964-3e49-426c-924c-b101a12a10b6
c96cc0f8-a3fb-4928-a08f-4e292ed0a1be,4,Ann,Anderson,1997-11-01,FEMALE,0-(769)101-7325,aanderson1n@salon.com,"605 93",Sweden,Bonner,18433,Norrköping,4093,JumpXS,Anderson.Ann,ojMZ0Hkq,1fbdc964-3e49-426c-924c-b101a12a10b6
cb6bc94d-7e8b-4fa8-9228-01f44eb08cb9,1,Shirley,Watkins,1989-02-18,FEMALE,NULL,swatkins23@sbwire.com,NULL,Argentina,Washington,6,"General Conesa",7497,Yodel,Watkins.Shirley,Ny45u0y,297d1b2f-a57d-4989-b711-0de302fce9b9
d0a38928-edc4-465b-add6-8af410321d5b,7,Wanda,Barnes,1960-03-18,FEMALE,3-(173)419-9938,wbarnes4g@cnn.com,NULL,Afghanistan,Continental,0807,"Qal‘ah-ye Kūf",7466,Riffwire,Barnes.Wanda,8TajfYDqs,297d1b2f-a57d-4989-b711-0de302fce9b9
d26dcb21-9fa1-489c-99b2-b14913ed6c64,9,Wanda,Mendoza,1979-02-24,FEMALE,7-(377)162-1679,wmendoza5c@apple.com,NULL,Russia,Quincy,6028,Kurovskoye,9947,Myworks,Mendoza.Wanda,owZnG46sg6a,d2a6c3bb-fefb-454d-a90d-f644c4eccc1b
d4af722d-44c5-4b80-a188-84bd78b92209,9,Anthony,Ryan,2008-03-24,MALE,6-(426)870-1989,NULL,NULL,Tunisia,Randy,352,"El Fahs",3203,Kazu,Ryan.Anthony,QaZKTownv6,d2a6c3bb-fefb-454d-a90d-f644c4eccc1b
d608fe86-466f-4c16-a649-6b41268c1869,3,Dennis,Butler,1989-12-14,MALE,9-(741)745-0828,dbutler2t@zdnet.com,NULL,Bulgaria,NULL,65342,Radomir,2565,Photofeed,Butler.Dennis,gD06Eep,22b0c43e-36ee-45f5-9df7-be248b5b3946
d658cc30-bc72-4dec-a71a-5701708ab2ce,11,Kathryn,Burns,1951-10-14,FEMALE,1-(713)836-4292,kburns1u@shop-pro.jp,NULL,Serbia,"Golf Course",11194,Inđija,9487,Meedoo,Burns.Kathryn,hD13JUGt,22b0c43e-36ee-45f5-9df7-be248b5b3946
d9ed95e9-f150-4686-86ac-c800fee79a18,7,Ruby,George,1966-05-23,FEMALE,1-(000)443-0997,NULL,NULL,NULL,Moland,577,Kopychyntsi,5436,Dynava,George.Ruby,kidxB3Zj4lvZ,297d1b2f-a57d-4989-b711-0de302fce9b9
dc0b2b3c-8e6b-40b0-93c0-b1accd2fb11e,15,Barbara,Kelley,1972-12-12,MALE,6-(606)159-0363,bkelley32@prweb.com,38188,"United States",School,12,Memphis,3440,NULL,Kelley.Barbara,UTQ23LV,297d1b2f-a57d-4989-b711-0de302fce9b9
e0a060e4-9848-48aa-9f22-e143ae4e43c3,20,Gary,Montgomery,1963-11-12,FEMALE,6-(779)619-8793,gmontgomery2d@amazonaws.com,NULL,Azerbaijan,Ohio,9,Əhmədbəyli,1248,Kwideo,Montgomery.Gary,C1hijOoTDnIW,d2a6c3bb-fefb-454d-a90d-f644c4eccc1b
e36d7a29-947f-462f-a06b-178a66049edd,1,Stephanie,Harrison,1957-10-19,MALE,3-(905)723-4085,NULL,NULL,Mali,"Summer Ridge",59836,Tominian,8039,Jaxnation,Harrison.Stephanie,2mivS2K9,297d1b2f-a57d-4989-b711-0de302fce9b9
e43140fe-bbc7-488f-9274-d891bc835585,9,Sarah,Williamson,1972-09-22,MALE,2-(148)141-8795,swilliamsona@chronoengine.com,4625-644,Portugal,Springview,82957,"Vila Boa do Bispo",6920,Aivee,Williamson.Sarah,FhdXj2xdW0,1fbdc964-3e49-426c-924c-b101a12a10b6
e5f18234-5231-466b-8f16-5a88871361ec,1,Gary,Cooper,1966-09-06,FEMALE,4-(074)526-6721,NULL,NULL,Indonesia,Green,1,"Hamberang Sabrang",3122,Fivebridge,Cooper.Gary,wiQ6PgE0XK1,d2a6c3bb-fefb-454d-a90d-f644c4eccc1b
e6a6f497-70ad-44a2-8d44-a004f02c6de9,9,Jessica,Long,1950-11-17,MALE,6-(008)220-7670,NULL,"54204 CEDEX",France,North,0,Toul,4400,Innotype,Long.Jessica,QuQqtt4,0138736b-db68-4828-809a-93a11939bb67
e7d6dd0a-1410-46ad-bc86-8679882a2b01,11,Craig,Morales,1977-09-05,FEMALE,1-(571)748-1563,NULL,NULL,Thailand,Shasta,80,"Na Kae",4156,Jaxworks,Morales.Craig,erJvnTtT1P,d2a6c3bb-fefb-454d-a90d-f644c4eccc1b
e82d85b9-a832-40fb-b2bf-df767669aa80,16,Jacqueline,Long,1956-02-21,MALE,1-(400)125-6791,NULL,NULL,Russia,Algoma,95,Golovchino,5494,Jazzy,Long.Jacqueline,rtifhdb,d2a6c3bb-fefb-454d-a90d-f644c4eccc1b
ea65bc4a-d52a-444e-8c9c-1389bc4a9917,2,Robin,Little,1996-12-05,MALE,1-(629)475-4598,rlittle1d@shop-pro.jp,NULL,China,Dawn,5,Houping,4080,Devify,Little.Robin,oLHWsAk,0138736b-db68-4828-809a-93a11939bb67
eae6903e-31e8-416a-abfe-5bc24c4bad88,8,Marie,Ray,1989-03-18,NULL,NULL,mray4e@bing.com,NULL,Russia,Myrtle,17397,Novominskaya,6312,Thoughtbridge,Ray.Marie,deTsZm,0138736b-db68-4828-809a-93a11939bb67
eca12cab-5054-40bc-bafd-713a10f236aa,0,Nicholas,Grant,1954-07-05,MALE,3-(581)202-9782,ngrant4p@mapy.cz,NULL,Serbia,Londonderry,71251,Inđija,8181,Kazu,Grant.Nicholas,EFpvNpGcQ,0138736b-db68-4828-809a-93a11939bb67
edda5e96-fcbb-461b-9167-e9fb04988ea2,14,Bobby,Anderson,1988-02-23,MALE,7-(546)545-3632,NULL,NULL,Argentina,Atwood,911,"La Cocha",9867,Centidel,Anderson.Bobby,AlXUPRAh,22b0c43e-36ee-45f5-9df7-be248b5b3946
f309d174-3ae2-4bc7-b093-046822dd6eaf,14,Harry,Fernandez,1974-08-14,FEMALE,4-(654)235-7043,NULL,NULL,Brazil,Continental,168,Goiânia,8053,Skivee,Fernandez.Harry,BF9LHhi,22b0c43e-36ee-45f5-9df7-be248b5b3946
f4053fe6-44db-4f92-9e35-f284744d38bd,2,Pamela,Carr,1968-03-17,MALE,4-(635)507-2022,pcarrm@illinois.edu,NULL,Syria,Hazelcrest,9,"Al Mālikīyah",9932,Wikizz,Carr.Pamela,vSitUJOHfG0l,1fbdc964-3e49-426c-924c-b101a12a10b6
f65511e8-ff3d-4f38-8dd2-028c3f9f6c32,17,Frances,Bryant,1989-02-14,MALE,5-(490)744-2695,fbryant5h@usda.gov,NULL,China,Anthes,NULL,NULL,547,Trilith,Bryant.Frances,1i2EWgrhkW,297d1b2f-a57d-4989-b711-0de302fce9b9
f724e49c-f723-4433-8a18-0f09906e8dac,8,Eric,Howard,1961-10-23,FEMALE,0-(686)784-7191,NULL,NULL,France,Reindahl,74,NULL,246,Mydeo,Howard.Eric,ZTDqiPjw82,22b0c43e-36ee-45f5-9df7-be248b5b3946
f950efd8-f897-42dc-8a4a-0d801fc3d089,18,Ruth,Carr,1989-08-24,FEMALE,5-(402)938-1896,rcarr5i@cbc.ca,NULL,"South Africa",Bashford,6689,Alice,1475,Leenti,Carr.Ruth,he7wXzZ4,22b0c43e-36ee-45f5-9df7-be248b5b3946
fa139fa3-0382-4dd7-a59a-eee27737a2da,13,Peter,Lawrence,1955-11-28,MALE,6-(108)901-5748,NULL,2525-474,Portugal,Knutson,05328,Estrada,9198,Livepath,Lawrence.Peter,GP2UBnM6dOU,22b0c43e-36ee-45f5-9df7-be248b5b3946
fb18d342-9ba9-4cc0-9ce2-eab350eab527,12,Frances,Lane,1970-09-26,FEMALE,8-(712)354-9266,NULL,NULL,Croatia,Barnett,0,Šibenik,1930,Tazz,Lane.Frances,exTIATWofHhT,0138736b-db68-4828-809a-93a11939bb67
fc6edaf8-65ae-4a86-84ee-c07d6a316bf6,15,Deborah,Warren,1973-11-03,FEMALE,4-(106)178-7158,NULL,2425-207,Portugal,Talisman,NULL,"Vale da Bajouca",5015,Shufflebeat,Warren.Deborah,V6C0q2yD7EF,0138736b-db68-4828-809a-93a11939bb67
fcefd14f-556b-46a6-92e9-1c0d30b89e5d,7,Antonio,Barnes,1961-01-21,MALE,4-(213)547-7535,NULL,20022,"United States",Bowman,42,Washington,165,Thoughtstorm,Barnes.Antonio,zDz2OJQn,0138736b-db68-4828-809a-93a11939bb67
fd33b59d-2346-4828-bfad-77f19e8b0b24,6,Shawn,Holmes,2007-07-14,MALE,1-(950)125-7036,sholmes1j@nature.com,"01129 CEDEX",France,Northfield,NULL,Montluel,5687,Skiptube,Holmes.Shawn,0cnxnqpjd,297d1b2f-a57d-4989-b711-0de302fce9b9
fd964f91-1833-433c-90df-912c0fb18178,1,Judith,Dean,1992-07-14,FEMALE,1-(536)778-6195,jdean2s@marketwatch.com,NULL,China,"Ronald Regan",1047,Hepu,7811,Youspan,Dean.Judith,4ezgrwB,1fbdc964-3e49-426c-924c-b101a12a10b6
ffb57f6f-c8cb-480f-8a51-06e8cc753862,12,Matthew,Roberts,1978-11-22,FEMALE,NULL,mroberts2y@51.la,NULL,Indonesia,Sycamore,3022,"Banjar Jabejero",1507,Skinix,Roberts.Matthew,LkVrVzTD,22b0c43e-36ee-45f5-9df7-be248b5b3946
ffd8e398-b86d-4c91-83d6-1edd31c407bc,4,David,Lopez,1968-09-28,FEMALE,1-(485)117-5394,dlopez1z@independent.co.uk,NULL,Indonesia,Bobwhite,5155,Bonsari,1451,Jayo,Lopez.David,TnzIZOz,22b0c43e-36ee-45f5-9df7-be248b5b3946
